Иванов,Иван,Иванович1
Петров,Петр,Петрович2
Васильев,Иван,Иванович3
Иванов,Иван,Иванович2
Петров,Петр,Петрович3
Васильев,Иван,Иванович4
Иванов,Иван,Иванович3
Петров,Петр,Петрович4
Васильев,Иван,Иванович5
Иванов,Иван,Иванович4
Петров,Петр,Петрович5
Васильев,Иван,Иванович6
Иванов,Иван,Иванович5
Петров,Петр,Петрович6
Васильев,Иван,Иванович7
Иванов,Иван,Иванович6
Петров,Петр,Петрович7
Васильев,Иван,Иванович8
Иванов,Иван,Иванович7
Петров,Петр,Петрович8
Васильев,Иван,Иванович9
Иванов,Иван,Иванович8
Петров,Петр,Петрович9
Васильев,Иван,Иванович10
Иванов,Иван,Иванович9
Петров,Петр,Петрович10
Васильев,Иван,Иванович11
Иванов,Иван,Иванович10
Петров,Петр,Петрович11
Васильев,Иван,Иванович12
Иванов,Иван,Иванович11
Петров,Петр,Петрович12
Васильев,Иван,Иванович13
Иванов,Иван,Иванович12
Петров,Петр,Петрович13
Васильев,Иван,Иванович14
Иванов,Иван,Иванович13
Петров,Петр,Петрович14
Васильев,Иван,Иванович15
Иванов,Иван,Иванович14
Петров,Петр,Петрович15
Васильев,Иван,Иванович16
Иванов,Иван,Иванович15
Петров,Петр,Петрович16
Васильев,Иван,Иванович17
Иванов,Иван,Иванович16
Петров,Петр,Петрович17
Васильев,Иван,Иванович18
Иванов,Иван,Иванович17
Петров,Петр,Петрович18
Васильев,Иван,Иванович19
Иванов,Иван,Иванович18
Петров,Петр,Петрович19
Васильев,Иван,Иванович20
Иванов,Иван,Иванович19
Петров,Петр,Петрович20
Васильев,Иван,Иванович21
Иванов,Иван,Иванович20
Петров,Петр,Петрович21
Васильев,Иван,Иванович22
Иванов,Иван,Иванович21
Петров,Петр,Петрович22
Васильев,Иван,Иванович23
Иванов,Иван,Иванович22
Петров,Петр,Петрович23
Васильев,Иван,Иванович24
Иванов,Иван,Иванович23
Петров,Петр,Петрович24
Васильев,Иван,Иванович25
Иванов,Иван,Иванович24
Петров,Петр,Петрович25
Васильев,Иван,Иванович26
Иванов,Иван,Иванович25
Петров,Петр,Петрович26
Васильев,Иван,Иванович27
Иванов,Иван,Иванович26
Петров,Петр,Петрович27
Васильев,Иван,Иванович28
Иванов,Иван,Иванович27
Петров,Петр,Петрович28
Васильев,Иван,Иванович29
Иванов,Иван,Иванович28
Петров,Петр,Петрович29
Васильев,Иван,Иванович30
Иванов,Иван,Иванович29
Петров,Петр,Петрович30
Васильев,Иван,Иванович31
Иванов,Иван,Иванович30
Петров,Петр,Петрович31
Васильев,Иван,Иванович32
Иванов,Иван,Иванович31
Петров,Петр,Петрович32
Васильев,Иван,Иванович33
Иванов,Иван,Иванович32
Петров,Петр,Петрович33
Васильев,Иван,Иванович34
Иванов,Иван,Иванович33
Петров,Петр,Петрович34
Васильев,Иван,Иванович35
Иванов,Иван,Иванович34
Петров,Петр,Петрович35
Васильев,Иван,Иванович36
Иванов,Иван,Иванович35
Петров,Петр,Петрович36
Васильев,Иван,Иванович37
Иванов,Иван,Иванович36
Петров,Петр,Петрович37
Васильев,Иван,Иванович38
Иванов,Иван,Иванович37
Петров,Петр,Петрович38
Васильев,Иван,Иванович39
Иванов,Иван,Иванович38
Петров,Петр,Петрович39
Васильев,Иван,Иванович40
Иванов,Иван,Иванович39
Петров,Петр,Петрович40
Васильев,Иван,Иванович41
Иванов,Иван,Иванович40
Петров,Петр,Петрович41
Васильев,Иван,Иванович42
Иванов,Иван,Иванович41
Петров,Петр,Петрович42
Васильев,Иван,Иванович43
Иванов,Иван,Иванович42
Петров,Петр,Петрович43
Васильев,Иван,Иванович44
Иванов,Иван,Иванович43
Петров,Петр,Петрович44
Васильев,Иван,Иванович45
Иванов,Иван,Иванович44
Петров,Петр,Петрович45
Васильев,Иван,Иванович46
Иванов,Иван,Иванович45
Петров,Петр,Петрович46
Васильев,Иван,Иванович47
Иванов,Иван,Иванович46
Петров,Петр,Петрович47
Васильев,Иван,Иванович48
Иванов,Иван,Иванович47
Петров,Петр,Петрович48
Васильев,Иван,Иванович49
Иванов,Иван,Иванович48
Петров,Петр,Петрович49
Васильев,Иван,Иванович50
Иванов,Иван,Иванович49
Петров,Петр,Петрович50
Васильев,Иван,Иванович51
Иванов,Иван,Иванович50
Петров,Петр,Петрович51
Васильев,Иван,Иванович52
Иванов,Иван,Иванович51
Петров,Петр,Петрович52
Васильев,Иван,Иванович53
Иванов,Иван,Иванович52
Петров,Петр,Петрович53
Васильев,Иван,Иванович54
Иванов,Иван,Иванович53
Петров,Петр,Петрович54
Васильев,Иван,Иванович55
Иванов,Иван,Иванович54
Петров,Петр,Петрович55
Васильев,Иван,Иванович56
Иванов,Иван,Иванович55
Петров,Петр,Петрович56
Васильев,Иван,Иванович57
Иванов,Иван,Иванович56
Петров,Петр,Петрович57
Васильев,Иван,Иванович58
Иванов,Иван,Иванович57
Петров,Петр,Петрович58
Васильев,Иван,Иванович59
Иванов,Иван,Иванович58
Петров,Петр,Петрович59
Васильев,Иван,Иванович60
Иванов,Иван,Иванович59
Петров,Петр,Петрович60
Васильев,Иван,Иванович61
Иванов,Иван,Иванович60
Петров,Петр,Петрович61
Васильев,Иван,Иванович62
Иванов,Иван,Иванович61
Петров,Петр,Петрович62
Васильев,Иван,Иванович63
Иванов,Иван,Иванович62
Петров,Петр,Петрович63
Васильев,Иван,Иванович64
Иванов,Иван,Иванович63
Петров,Петр,Петрович64
Васильев,Иван,Иванович65
Иванов,Иван,Иванович64
Петров,Петр,Петрович65
Васильев,Иван,Иванович66
Иванов,Иван,Иванович65
Петров,Петр,Петрович66
Васильев,Иван,Иванович67
Иванов,Иван,Иванович66
Петров,Петр,Петрович67
Васильев,Иван,Иванович68
Иванов,Иван,Иванович67
Петров,Петр,Петрович68
Васильев,Иван,Иванович69
Иванов,Иван,Иванович68
Петров,Петр,Петрович69
Васильев,Иван,Иванович70
Иванов,Иван,Иванович69
Петров,Петр,Петрович70
Васильев,Иван,Иванович71
Иванов,Иван,Иванович70
Петров,Петр,Петрович71
Васильев,Иван,Иванович72
Иванов,Иван,Иванович71
Петров,Петр,Петрович72
Васильев,Иван,Иванович73
Иванов,Иван,Иванович72
Петров,Петр,Петрович73
Васильев,Иван,Иванович74
Иванов,Иван,Иванович73
Петров,Петр,Петрович74
Васильев,Иван,Иванович75
Иванов,Иван,Иванович74
Петров,Петр,Петрович75
Васильев,Иван,Иванович76
Иванов,Иван,Иванович75
Петров,Петр,Петрович76
Васильев,Иван,Иванович77
Иванов,Иван,Иванович76
Петров,Петр,Петрович77
Васильев,Иван,Иванович78
Иванов,Иван,Иванович77
Петров,Петр,Петрович78
Васильев,Иван,Иванович79
Иванов,Иван,Иванович78
Петров,Петр,Петрович79
Васильев,Иван,Иванович80
Иванов,Иван,Иванович79
Петров,Петр,Петрович80
Васильев,Иван,Иванович81
Иванов,Иван,Иванович80
Петров,Петр,Петрович81
Васильев,Иван,Иванович82
Иванов,Иван,Иванович81
Петров,Петр,Петрович82
Васильев,Иван,Иванович83
Иванов,Иван,Иванович82
Петров,Петр,Петрович83
Васильев,Иван,Иванович84
Иванов,Иван,Иванович83
Петров,Петр,Петрович84
Васильев,Иван,Иванович85
Иванов,Иван,Иванович84
Петров,Петр,Петрович85
Васильев,Иван,Иванович86
Иванов,Иван,Иванович85
Петров,Петр,Петрович86
Васильев,Иван,Иванович87
Иванов,Иван,Иванович86
Петров,Петр,Петрович87
Васильев,Иван,Иванович88
Иванов,Иван,Иванович87
Петров,Петр,Петрович88
Васильев,Иван,Иванович89
Иванов,Иван,Иванович88
Петров,Петр,Петрович89
Васильев,Иван,Иванович90
Иванов,Иван,Иванович89
Петров,Петр,Петрович90
Васильев,Иван,Иванович91
Иванов,Иван,Иванович90
Петров,Петр,Петрович91
Васильев,Иван,Иванович92
Иванов,Иван,Иванович91
Петров,Петр,Петрович92
Васильев,Иван,Иванович93
Иванов,Иван,Иванович92
Петров,Петр,Петрович93
Васильев,Иван,Иванович94
Иванов,Иван,Иванович93
Петров,Петр,Петрович94
Васильев,Иван,Иванович95
Иванов,Иван,Иванович94
Петров,Петр,Петрович95
Васильев,Иван,Иванович96
Иванов,Иван,Иванович95
Петров,Петр,Петрович96
Васильев,Иван,Иванович97
Иванов,Иван,Иванович96
Петров,Петр,Петрович97
Васильев,Иван,Иванович98
Иванов,Иван,Иванович97
Петров,Петр,Петрович98
Васильев,Иван,Иванович99
Иванов,Иван,Иванович98
Петров,Петр,Петрович99
Васильев,Иван,Иванович100
Иванов,Иван,Иванович99
Петров,Петр,Петрович100
Васильев,Иван,Иванович101
Иванов,Иван,Иванович100
Петров,Петр,Петрович101
Васильев,Иван,Иванович102
Иванов,Иван,Иванович101
Петров,Петр,Петрович102
Васильев,Иван,Иванович103
Иванов,Иван,Иванович102
Петров,Петр,Петрович103
Васильев,Иван,Иванович104
Иванов,Иван,Иванович103
Петров,Петр,Петрович104
Васильев,Иван,Иванович105
Иванов,Иван,Иванович104
Петров,Петр,Петрович105
Васильев,Иван,Иванович106
Иванов,Иван,Иванович105
Петров,Петр,Петрович106
Васильев,Иван,Иванович107
Иванов,Иван,Иванович106
Петров,Петр,Петрович107
Васильев,Иван,Иванович108
Иванов,Иван,Иванович107
Петров,Петр,Петрович108
Васильев,Иван,Иванович109
Иванов,Иван,Иванович108
Петров,Петр,Петрович109
Васильев,Иван,Иванович110
Иванов,Иван,Иванович109
Петров,Петр,Петрович110
Васильев,Иван,Иванович111
Иванов,Иван,Иванович110
Петров,Петр,Петрович111
Васильев,Иван,Иванович112
Иванов,Иван,Иванович111
Петров,Петр,Петрович112
Васильев,Иван,Иванович113
Иванов,Иван,Иванович112
Петров,Петр,Петрович113
Васильев,Иван,Иванович114
Иванов,Иван,Иванович113
Петров,Петр,Петрович114
Васильев,Иван,Иванович115
Иванов,Иван,Иванович114
Петров,Петр,Петрович115
Васильев,Иван,Иванович116
Иванов,Иван,Иванович115
Петров,Петр,Петрович116
Васильев,Иван,Иванович117
Иванов,Иван,Иванович116
Петров,Петр,Петрович117
Васильев,Иван,Иванович118
Иванов,Иван,Иванович117
Петров,Петр,Петрович118
Васильев,Иван,Иванович119
Иванов,Иван,Иванович118
Петров,Петр,Петрович119
Васильев,Иван,Иванович120
Иванов,Иван,Иванович119
Петров,Петр,Петрович120
Васильев,Иван,Иванович121
Иванов,Иван,Иванович120
Петров,Петр,Петрович121
Васильев,Иван,Иванович122
Иванов,Иван,Иванович121
Петров,Петр,Петрович122
Васильев,Иван,Иванович123
Иванов,Иван,Иванович122
Петров,Петр,Петрович123
Васильев,Иван,Иванович124
Иванов,Иван,Иванович123
Петров,Петр,Петрович124
Васильев,Иван,Иванович125
Иванов,Иван,Иванович124
Петров,Петр,Петрович125
Васильев,Иван,Иванович126
Иванов,Иван,Иванович125
Петров,Петр,Петрович126
Васильев,Иван,Иванович127
Иванов,Иван,Иванович126
Петров,Петр,Петрович127
Васильев,Иван,Иванович128
Иванов,Иван,Иванович127
Петров,Петр,Петрович128
Васильев,Иван,Иванович129
Иванов,Иван,Иванович128
Петров,Петр,Петрович129
Васильев,Иван,Иванович130
Иванов,Иван,Иванович129
Петров,Петр,Петрович130
Васильев,Иван,Иванович131
Иванов,Иван,Иванович130
Петров,Петр,Петрович131
Васильев,Иван,Иванович132
Иванов,Иван,Иванович131
Петров,Петр,Петрович132
Васильев,Иван,Иванович133
Иванов,Иван,Иванович132
Петров,Петр,Петрович133
Васильев,Иван,Иванович134
Иванов,Иван,Иванович133
Петров,Петр,Петрович134
Васильев,Иван,Иванович135
Иванов,Иван,Иванович134
Петров,Петр,Петрович135
Васильев,Иван,Иванович136
Иванов,Иван,Иванович135
Петров,Петр,Петрович136
Васильев,Иван,Иванович137
Иванов,Иван,Иванович136
Петров,Петр,Петрович137
Васильев,Иван,Иванович138
Иванов,Иван,Иванович137
Петров,Петр,Петрович138
Васильев,Иван,Иванович139
Иванов,Иван,Иванович138
Петров,Петр,Петрович139
Васильев,Иван,Иванович140
Иванов,Иван,Иванович139
Петров,Петр,Петрович140
Васильев,Иван,Иванович141
Иванов,Иван,Иванович140
Петров,Петр,Петрович141
Васильев,Иван,Иванович142
Иванов,Иван,Иванович141
Петров,Петр,Петрович142
Васильев,Иван,Иванович143
Иванов,Иван,Иванович142
Петров,Петр,Петрович143
Васильев,Иван,Иванович144
Иванов,Иван,Иванович143
Петров,Петр,Петрович144
Васильев,Иван,Иванович145
Иванов,Иван,Иванович144
Петров,Петр,Петрович145
Васильев,Иван,Иванович146
Иванов,Иван,Иванович145
Петров,Петр,Петрович146
Васильев,Иван,Иванович147
Иванов,Иван,Иванович146
Петров,Петр,Петрович147
Васильев,Иван,Иванович148
Иванов,Иван,Иванович147
Петров,Петр,Петрович148
Васильев,Иван,Иванович149
Иванов,Иван,Иванович148
Петров,Петр,Петрович149
Васильев,Иван,Иванович150
Иванов,Иван,Иванович149
Петров,Петр,Петрович150
Васильев,Иван,Иванович151
Иванов,Иван,Иванович150
Петров,Петр,Петрович151
Васильев,Иван,Иванович152
Иванов,Иван,Иванович151
Петров,Петр,Петрович152
Васильев,Иван,Иванович153
Иванов,Иван,Иванович152
Петров,Петр,Петрович153
Васильев,Иван,Иванович154
Иванов,Иван,Иванович153
Петров,Петр,Петрович154
Васильев,Иван,Иванович155
Иванов,Иван,Иванович154
Петров,Петр,Петрович155
Васильев,Иван,Иванович156
Иванов,Иван,Иванович155
Петров,Петр,Петрович156
Васильев,Иван,Иванович157
Иванов,Иван,Иванович156
Петров,Петр,Петрович157
Васильев,Иван,Иванович158
Иванов,Иван,Иванович157
Петров,Петр,Петрович158
Васильев,Иван,Иванович159
Иванов,Иван,Иванович158
Петров,Петр,Петрович159
Васильев,Иван,Иванович160
Иванов,Иван,Иванович159
Петров,Петр,Петрович160
Васильев,Иван,Иванович161
Иванов,Иван,Иванович160
Петров,Петр,Петрович161
Васильев,Иван,Иванович162
Иванов,Иван,Иванович161
Петров,Петр,Петрович162
Васильев,Иван,Иванович163
Иванов,Иван,Иванович162
Петров,Петр,Петрович163
Васильев,Иван,Иванович164
Иванов,Иван,Иванович163
Петров,Петр,Петрович164
Васильев,Иван,Иванович165
Иванов,Иван,Иванович164
Петров,Петр,Петрович165
Васильев,Иван,Иванович166
Иванов,Иван,Иванович165
Петров,Петр,Петрович166
Васильев,Иван,Иванович167
Иванов,Иван,Иванович166
Петров,Петр,Петрович167
Васильев,Иван,Иванович168
Иванов,Иван,Иванович167
Петров,Петр,Петрович168
Васильев,Иван,Иванович169
Иванов,Иван,Иванович168
Петров,Петр,Петрович169
Васильев,Иван,Иванович170
Иванов,Иван,Иванович169
Петров,Петр,Петрович170
Васильев,Иван,Иванович171
Иванов,Иван,Иванович170
Петров,Петр,Петрович171
Васильев,Иван,Иванович172
Иванов,Иван,Иванович171
Петров,Петр,Петрович172
Васильев,Иван,Иванович173
Иванов,Иван,Иванович172
Петров,Петр,Петрович173
Васильев,Иван,Иванович174
Иванов,Иван,Иванович173
Петров,Петр,Петрович174
Васильев,Иван,Иванович175
Иванов,Иван,Иванович174
Петров,Петр,Петрович175
Васильев,Иван,Иванович176
Иванов,Иван,Иванович175
Петров,Петр,Петрович176
Васильев,Иван,Иванович177
Иванов,Иван,Иванович176
Петров,Петр,Петрович177
Васильев,Иван,Иванович178
Иванов,Иван,Иванович177
Петров,Петр,Петрович178
Васильев,Иван,Иванович179
Иванов,Иван,Иванович178
Петров,Петр,Петрович179
Васильев,Иван,Иванович180
Иванов,Иван,Иванович179
Петров,Петр,Петрович180
Васильев,Иван,Иванович181
Иванов,Иван,Иванович180
Петров,Петр,Петрович181
Васильев,Иван,Иванович182
Иванов,Иван,Иванович181
Петров,Петр,Петрович182
Васильев,Иван,Иванович183
Иванов,Иван,Иванович182
Петров,Петр,Петрович183
Васильев,Иван,Иванович184
Иванов,Иван,Иванович183
Петров,Петр,Петрович184
Васильев,Иван,Иванович185
Иванов,Иван,Иванович184
Петров,Петр,Петрович185
Васильев,Иван,Иванович186
Иванов,Иван,Иванович185
Петров,Петр,Петрович186
Васильев,Иван,Иванович187
Иванов,Иван,Иванович186
Петров,Петр,Петрович187
Васильев,Иван,Иванович188
Иванов,Иван,Иванович187
Петров,Петр,Петрович188
Васильев,Иван,Иванович189
Иванов,Иван,Иванович188
Петров,Петр,Петрович189
Васильев,Иван,Иванович190
Иванов,Иван,Иванович189
Петров,Петр,Петрович190
Васильев,Иван,Иванович191
Иванов,Иван,Иванович190
Петров,Петр,Петрович191
Васильев,Иван,Иванович192
Иванов,Иван,Иванович191
Петров,Петр,Петрович192
Васильев,Иван,Иванович193
Иванов,Иван,Иванович192
Петров,Петр,Петрович193
Васильев,Иван,Иванович194
Иванов,Иван,Иванович193
Петров,Петр,Петрович194
Васильев,Иван,Иванович195
Иванов,Иван,Иванович194
Петров,Петр,Петрович195
Васильев,Иван,Иванович196
Иванов,Иван,Иванович195
Петров,Петр,Петрович196
Васильев,Иван,Иванович197
Иванов,Иван,Иванович196
Петров,Петр,Петрович197
Васильев,Иван,Иванович198
Иванов,Иван,Иванович197
Петров,Петр,Петрович198
Васильев,Иван,Иванович199
Иванов,Иван,Иванович198
Петров,Петр,Петрович199
Васильев,Иван,Иванович200
Иванов,Иван,Иванович199
Петров,Петр,Петрович200
Васильев,Иван,Иванович201
Иванов,Иван,Иванович200
Петров,Петр,Петрович201
Васильев,Иван,Иванович202
Иванов,Иван,Иванович201
Петров,Петр,Петрович202
Васильев,Иван,Иванович203
Иванов,Иван,Иванович202
Петров,Петр,Петрович203
Васильев,Иван,Иванович204
Иванов,Иван,Иванович203
Петров,Петр,Петрович204
Васильев,Иван,Иванович205
Иванов,Иван,Иванович204
Петров,Петр,Петрович205
Васильев,Иван,Иванович206
Иванов,Иван,Иванович205
Петров,Петр,Петрович206
Васильев,Иван,Иванович207
Иванов,Иван,Иванович206
Петров,Петр,Петрович207
Васильев,Иван,Иванович208
Иванов,Иван,Иванович207
Петров,Петр,Петрович208
Васильев,Иван,Иванович209
Иванов,Иван,Иванович208
Петров,Петр,Петрович209
Васильев,Иван,Иванович210
Иванов,Иван,Иванович209
Петров,Петр,Петрович210
Васильев,Иван,Иванович211
Иванов,Иван,Иванович210
Петров,Петр,Петрович211
Васильев,Иван,Иванович212
Иванов,Иван,Иванович211
Петров,Петр,Петрович212
Васильев,Иван,Иванович213
Иванов,Иван,Иванович212
Петров,Петр,Петрович213
Васильев,Иван,Иванович214
Иванов,Иван,Иванович213
Петров,Петр,Петрович214
Васильев,Иван,Иванович215
Иванов,Иван,Иванович214
Петров,Петр,Петрович215
Васильев,Иван,Иванович216
Иванов,Иван,Иванович215
Петров,Петр,Петрович216
Васильев,Иван,Иванович217
Иванов,Иван,Иванович216
Петров,Петр,Петрович217
Васильев,Иван,Иванович218
Иванов,Иван,Иванович217
Петров,Петр,Петрович218
Васильев,Иван,Иванович219
Иванов,Иван,Иванович218
Петров,Петр,Петрович219
Васильев,Иван,Иванович220
Иванов,Иван,Иванович219
Петров,Петр,Петрович220
Васильев,Иван,Иванович221
Иванов,Иван,Иванович220
Петров,Петр,Петрович221
Васильев,Иван,Иванович222
Иванов,Иван,Иванович221
Петров,Петр,Петрович222
Васильев,Иван,Иванович223
Иванов,Иван,Иванович222
Петров,Петр,Петрович223
Васильев,Иван,Иванович224
Иванов,Иван,Иванович223
Петров,Петр,Петрович224
Васильев,Иван,Иванович225
Иванов,Иван,Иванович224
Петров,Петр,Петрович225
Васильев,Иван,Иванович226
Иванов,Иван,Иванович225
Петров,Петр,Петрович226
Васильев,Иван,Иванович227
Иванов,Иван,Иванович226
Петров,Петр,Петрович227
Васильев,Иван,Иванович228
Иванов,Иван,Иванович227
Петров,Петр,Петрович228
Васильев,Иван,Иванович229
Иванов,Иван,Иванович228
Петров,Петр,Петрович229
Васильев,Иван,Иванович230
Иванов,Иван,Иванович229
Петров,Петр,Петрович230
Васильев,Иван,Иванович231
Иванов,Иван,Иванович230
Петров,Петр,Петрович231
Васильев,Иван,Иванович232
Иванов,Иван,Иванович231
Петров,Петр,Петрович232
Васильев,Иван,Иванович233
Иванов,Иван,Иванович232
Петров,Петр,Петрович233
Васильев,Иван,Иванович234
Иванов,Иван,Иванович233
Петров,Петр,Петрович234
Васильев,Иван,Иванович235
Иванов,Иван,Иванович234
Петров,Петр,Петрович235
Васильев,Иван,Иванович236
Иванов,Иван,Иванович235
Петров,Петр,Петрович236
Васильев,Иван,Иванович237
Иванов,Иван,Иванович236
Петров,Петр,Петрович237
Васильев,Иван,Иванович238
Иванов,Иван,Иванович237
Петров,Петр,Петрович238
Васильев,Иван,Иванович239
Иванов,Иван,Иванович238
Петров,Петр,Петрович239
Васильев,Иван,Иванович240
Иванов,Иван,Иванович239
Петров,Петр,Петрович240
Васильев,Иван,Иванович241
Иванов,Иван,Иванович240
Петров,Петр,Петрович241
Васильев,Иван,Иванович242
Иванов,Иван,Иванович241
Петров,Петр,Петрович242
Васильев,Иван,Иванович243
Иванов,Иван,Иванович242
Петров,Петр,Петрович243
Васильев,Иван,Иванович244
Иванов,Иван,Иванович243
Петров,Петр,Петрович244
Васильев,Иван,Иванович245
Иванов,Иван,Иванович244
Петров,Петр,Петрович245
Васильев,Иван,Иванович246
Иванов,Иван,Иванович245
Петров,Петр,Петрович246
Васильев,Иван,Иванович247
Иванов,Иван,Иванович246
Петров,Петр,Петрович247
Васильев,Иван,Иванович248
Иванов,Иван,Иванович247
Петров,Петр,Петрович248
Васильев,Иван,Иванович249
Иванов,Иван,Иванович248
Петров,Петр,Петрович249
Васильев,Иван,Иванович250
Иванов,Иван,Иванович249
Петров,Петр,Петрович250
Васильев,Иван,Иванович251
Иванов,Иван,Иванович250
Петров,Петр,Петрович251
Васильев,Иван,Иванович252
Иванов,Иван,Иванович251
Петров,Петр,Петрович252
Васильев,Иван,Иванович253
Иванов,Иван,Иванович252
Петров,Петр,Петрович253
Васильев,Иван,Иванович254
Иванов,Иван,Иванович253
Петров,Петр,Петрович254
Васильев,Иван,Иванович255
Иванов,Иван,Иванович254
Петров,Петр,Петрович255
Васильев,Иван,Иванович256
Иванов,Иван,Иванович255
Петров,Петр,Петрович256
Васильев,Иван,Иванович257
Иванов,Иван,Иванович256
Петров,Петр,Петрович257
Васильев,Иван,Иванович258
Иванов,Иван,Иванович257
Петров,Петр,Петрович258
Васильев,Иван,Иванович259
Иванов,Иван,Иванович258
Петров,Петр,Петрович259
Васильев,Иван,Иванович260
Иванов,Иван,Иванович259
Петров,Петр,Петрович260
Васильев,Иван,Иванович261
Иванов,Иван,Иванович260
Петров,Петр,Петрович261
Васильев,Иван,Иванович262
Иванов,Иван,Иванович261
Петров,Петр,Петрович262
Васильев,Иван,Иванович263
Иванов,Иван,Иванович262
Петров,Петр,Петрович263
Васильев,Иван,Иванович264
Иванов,Иван,Иванович263
Петров,Петр,Петрович264
Васильев,Иван,Иванович265
Иванов,Иван,Иванович264
Петров,Петр,Петрович265
Васильев,Иван,Иванович266
Иванов,Иван,Иванович265
Петров,Петр,Петрович266
Васильев,Иван,Иванович267
Иванов,Иван,Иванович266
Петров,Петр,Петрович267
Васильев,Иван,Иванович268
Иванов,Иван,Иванович267
Петров,Петр,Петрович268
Васильев,Иван,Иванович269
Иванов,Иван,Иванович268
Петров,Петр,Петрович269
Васильев,Иван,Иванович270
Иванов,Иван,Иванович269
Петров,Петр,Петрович270
Васильев,Иван,Иванович271
Иванов,Иван,Иванович270
Петров,Петр,Петрович271
Васильев,Иван,Иванович272
Иванов,Иван,Иванович271
Петров,Петр,Петрович272
Васильев,Иван,Иванович273
Иванов,Иван,Иванович272
Петров,Петр,Петрович273
Васильев,Иван,Иванович274
Иванов,Иван,Иванович273
Петров,Петр,Петрович274
Васильев,Иван,Иванович275
Иванов,Иван,Иванович274
Петров,Петр,Петрович275
Васильев,Иван,Иванович276
Иванов,Иван,Иванович275
Петров,Петр,Петрович276
Васильев,Иван,Иванович277
Иванов,Иван,Иванович276
Петров,Петр,Петрович277
Васильев,Иван,Иванович278
Иванов,Иван,Иванович277
Петров,Петр,Петрович278
Васильев,Иван,Иванович279
Иванов,Иван,Иванович278
Петров,Петр,Петрович279
Васильев,Иван,Иванович280
Иванов,Иван,Иванович279
Петров,Петр,Петрович280
Васильев,Иван,Иванович281
Иванов,Иван,Иванович280
Петров,Петр,Петрович281
Васильев,Иван,Иванович282
Иванов,Иван,Иванович281
Петров,Петр,Петрович282
Васильев,Иван,Иванович283
Иванов,Иван,Иванович282
Петров,Петр,Петрович283
Васильев,Иван,Иванович284
Иванов,Иван,Иванович283
Петров,Петр,Петрович284
Васильев,Иван,Иванович285
Иванов,Иван,Иванович284
Петров,Петр,Петрович285
Васильев,Иван,Иванович286
Иванов,Иван,Иванович285
Петров,Петр,Петрович286
Васильев,Иван,Иванович287
Иванов,Иван,Иванович286
Петров,Петр,Петрович287
Васильев,Иван,Иванович288
Иванов,Иван,Иванович287
Петров,Петр,Петрович288
Васильев,Иван,Иванович289
Иванов,Иван,Иванович288
Петров,Петр,Петрович289
Васильев,Иван,Иванович290
Иванов,Иван,Иванович289
Петров,Петр,Петрович290
Васильев,Иван,Иванович291
Иванов,Иван,Иванович290
Петров,Петр,Петрович291
Васильев,Иван,Иванович292
Иванов,Иван,Иванович291
Петров,Петр,Петрович292
Васильев,Иван,Иванович293
Иванов,Иван,Иванович292
Петров,Петр,Петрович293
Васильев,Иван,Иванович294
Иванов,Иван,Иванович293
Петров,Петр,Петрович294
Васильев,Иван,Иванович295
Иванов,Иван,Иванович294
Петров,Петр,Петрович295
Васильев,Иван,Иванович296
Иванов,Иван,Иванович295
Петров,Петр,Петрович296
Васильев,Иван,Иванович297
Иванов,Иван,Иванович296
Петров,Петр,Петрович297
Васильев,Иван,Иванович298
Иванов,Иван,Иванович297
Петров,Петр,Петрович298
Васильев,Иван,Иванович299
Иванов,Иван,Иванович298
Петров,Петр,Петрович299
Васильев,Иван,Иванович300
Иванов,Иван,Иванович299
Петров,Петр,Петрович300
Васильев,Иван,Иванович301
Иванов,Иван,Иванович300
Петров,Петр,Петрович301
Васильев,Иван,Иванович302
Иванов,Иван,Иванович301
Петров,Петр,Петрович302
Васильев,Иван,Иванович303
Иванов,Иван,Иванович302
Петров,Петр,Петрович303
Васильев,Иван,Иванович304
Иванов,Иван,Иванович303
Петров,Петр,Петрович304
Васильев,Иван,Иванович305
Иванов,Иван,Иванович304
Петров,Петр,Петрович305
Васильев,Иван,Иванович306
Иванов,Иван,Иванович305
Петров,Петр,Петрович306
Васильев,Иван,Иванович307
Иванов,Иван,Иванович306
Петров,Петр,Петрович307
Васильев,Иван,Иванович308
Иванов,Иван,Иванович307
Петров,Петр,Петрович308
Васильев,Иван,Иванович309
Иванов,Иван,Иванович308
Петров,Петр,Петрович309
Васильев,Иван,Иванович310
Иванов,Иван,Иванович309
Петров,Петр,Петрович310
Васильев,Иван,Иванович311
Иванов,Иван,Иванович310
Петров,Петр,Петрович311
Васильев,Иван,Иванович312
Иванов,Иван,Иванович311
Петров,Петр,Петрович312
Васильев,Иван,Иванович313
Иванов,Иван,Иванович312
Петров,Петр,Петрович313
Васильев,Иван,Иванович314
Иванов,Иван,Иванович313
Петров,Петр,Петрович314
Васильев,Иван,Иванович315
Иванов,Иван,Иванович314
Петров,Петр,Петрович315
Васильев,Иван,Иванович316
Иванов,Иван,Иванович315
Петров,Петр,Петрович316
Васильев,Иван,Иванович317
Иванов,Иван,Иванович316
Петров,Петр,Петрович317
Васильев,Иван,Иванович318
Иванов,Иван,Иванович317
Петров,Петр,Петрович318
Васильев,Иван,Иванович319
Иванов,Иван,Иванович318
Петров,Петр,Петрович319
Васильев,Иван,Иванович320
Иванов,Иван,Иванович319
Петров,Петр,Петрович320
Васильев,Иван,Иванович321
Иванов,Иван,Иванович320
Петров,Петр,Петрович321
Васильев,Иван,Иванович322
Иванов,Иван,Иванович321
Петров,Петр,Петрович322
Васильев,Иван,Иванович323
Иванов,Иван,Иванович322
Петров,Петр,Петрович323
Васильев,Иван,Иванович324
Иванов,Иван,Иванович323
Петров,Петр,Петрович324
Васильев,Иван,Иванович325
Иванов,Иван,Иванович324
Петров,Петр,Петрович325
Васильев,Иван,Иванович326
Иванов,Иван,Иванович325
Петров,Петр,Петрович326
Васильев,Иван,Иванович327
Иванов,Иван,Иванович326
Петров,Петр,Петрович327
Васильев,Иван,Иванович328
Иванов,Иван,Иванович327
Петров,Петр,Петрович328
Васильев,Иван,Иванович329
Иванов,Иван,Иванович328
Петров,Петр,Петрович329
Васильев,Иван,Иванович330
Иванов,Иван,Иванович329
Петров,Петр,Петрович330
Васильев,Иван,Иванович331
Иванов,Иван,Иванович330
Петров,Петр,Петрович331
Васильев,Иван,Иванович332
Иванов,Иван,Иванович331
Петров,Петр,Петрович332
Васильев,Иван,Иванович333
Иванов,Иван,Иванович332
Петров,Петр,Петрович333
Васильев,Иван,Иванович334
Иванов,Иван,Иванович333
Петров,Петр,Петрович334
Васильев,Иван,Иванович335
Иванов,Иван,Иванович334
Петров,Петр,Петрович335
Васильев,Иван,Иванович336
Иванов,Иван,Иванович335
Петров,Петр,Петрович336
Васильев,Иван,Иванович337
Иванов,Иван,Иванович336
Петров,Петр,Петрович337
Васильев,Иван,Иванович338
Иванов,Иван,Иванович337
Петров,Петр,Петрович338
Васильев,Иван,Иванович339
Иванов,Иван,Иванович338
Петров,Петр,Петрович339
Васильев,Иван,Иванович340
Иванов,Иван,Иванович339
Петров,Петр,Петрович340
Васильев,Иван,Иванович341
Иванов,Иван,Иванович340
Петров,Петр,Петрович341
Васильев,Иван,Иванович342
Иванов,Иван,Иванович341
Петров,Петр,Петрович342
Васильев,Иван,Иванович343
Иванов,Иван,Иванович342
Петров,Петр,Петрович343
Васильев,Иван,Иванович344
Иванов,Иван,Иванович343
Петров,Петр,Петрович344
Васильев,Иван,Иванович345
Иванов,Иван,Иванович344
Петров,Петр,Петрович345
Васильев,Иван,Иванович346
Иванов,Иван,Иванович345
Петров,Петр,Петрович346
Васильев,Иван,Иванович347
Иванов,Иван,Иванович346
Петров,Петр,Петрович347
Васильев,Иван,Иванович348
Иванов,Иван,Иванович347
Петров,Петр,Петрович348
Васильев,Иван,Иванович349
Иванов,Иван,Иванович348
Петров,Петр,Петрович349
Васильев,Иван,Иванович350
Иванов,Иван,Иванович349
Петров,Петр,Петрович350
Васильев,Иван,Иванович351
Иванов,Иван,Иванович350
Петров,Петр,Петрович351
Васильев,Иван,Иванович352
Иванов,Иван,Иванович351
Петров,Петр,Петрович352
Васильев,Иван,Иванович353
Иванов,Иван,Иванович352
Петров,Петр,Петрович353
Васильев,Иван,Иванович354
Иванов,Иван,Иванович353
Петров,Петр,Петрович354
Васильев,Иван,Иванович355
Иванов,Иван,Иванович354
Петров,Петр,Петрович355
Васильев,Иван,Иванович356
Иванов,Иван,Иванович355
Петров,Петр,Петрович356
Васильев,Иван,Иванович357
Иванов,Иван,Иванович356
Петров,Петр,Петрович357
Васильев,Иван,Иванович358
Иванов,Иван,Иванович357
Петров,Петр,Петрович358
Васильев,Иван,Иванович359
Иванов,Иван,Иванович358
Петров,Петр,Петрович359
Васильев,Иван,Иванович360
Иванов,Иван,Иванович359
Петров,Петр,Петрович360
Васильев,Иван,Иванович361
Иванов,Иван,Иванович360
Петров,Петр,Петрович361
Васильев,Иван,Иванович362
Иванов,Иван,Иванович361
Петров,Петр,Петрович362
Васильев,Иван,Иванович363
Иванов,Иван,Иванович362
Петров,Петр,Петрович363
Васильев,Иван,Иванович364
Иванов,Иван,Иванович363
Петров,Петр,Петрович364
Васильев,Иван,Иванович365
Иванов,Иван,Иванович364
Петров,Петр,Петрович365
Васильев,Иван,Иванович366
Иванов,Иван,Иванович365
Петров,Петр,Петрович366
Васильев,Иван,Иванович367
Иванов,Иван,Иванович366
Петров,Петр,Петрович367
Васильев,Иван,Иванович368
Иванов,Иван,Иванович367
Петров,Петр,Петрович368
Васильев,Иван,Иванович369
Иванов,Иван,Иванович368
Петров,Петр,Петрович369
Васильев,Иван,Иванович370
Иванов,Иван,Иванович369
Петров,Петр,Петрович370
Васильев,Иван,Иванович371
Иванов,Иван,Иванович370
Петров,Петр,Петрович371
Васильев,Иван,Иванович372
Иванов,Иван,Иванович371
Петров,Петр,Петрович372
Васильев,Иван,Иванович373
Иванов,Иван,Иванович372
Петров,Петр,Петрович373
Васильев,Иван,Иванович374
Иванов,Иван,Иванович373
Петров,Петр,Петрович374
Васильев,Иван,Иванович375
Иванов,Иван,Иванович374
Петров,Петр,Петрович375
Васильев,Иван,Иванович376
Иванов,Иван,Иванович375
Петров,Петр,Петрович376
Васильев,Иван,Иванович377
Иванов,Иван,Иванович376
Петров,Петр,Петрович377
Васильев,Иван,Иванович378
Иванов,Иван,Иванович377
Петров,Петр,Петрович378
Васильев,Иван,Иванович379
Иванов,Иван,Иванович378
Петров,Петр,Петрович379
Васильев,Иван,Иванович380
Иванов,Иван,Иванович379
Петров,Петр,Петрович380
Васильев,Иван,Иванович381
Иванов,Иван,Иванович380
Петров,Петр,Петрович381
Васильев,Иван,Иванович382
Иванов,Иван,Иванович381
Петров,Петр,Петрович382
Васильев,Иван,Иванович383
Иванов,Иван,Иванович382
Петров,Петр,Петрович383
Васильев,Иван,Иванович384
Иванов,Иван,Иванович383
Петров,Петр,Петрович384
Васильев,Иван,Иванович385
Иванов,Иван,Иванович384
Петров,Петр,Петрович385
Васильев,Иван,Иванович386
Иванов,Иван,Иванович385
Петров,Петр,Петрович386
Васильев,Иван,Иванович387
Иванов,Иван,Иванович386
Петров,Петр,Петрович387
Васильев,Иван,Иванович388
Иванов,Иван,Иванович387
Петров,Петр,Петрович388
Васильев,Иван,Иванович389
Иванов,Иван,Иванович388
Петров,Петр,Петрович389
Васильев,Иван,Иванович390
Иванов,Иван,Иванович389
Петров,Петр,Петрович390
Васильев,Иван,Иванович391
Иванов,Иван,Иванович390
Петров,Петр,Петрович391
Васильев,Иван,Иванович392
Иванов,Иван,Иванович391
Петров,Петр,Петрович392
Васильев,Иван,Иванович393
Иванов,Иван,Иванович392
Петров,Петр,Петрович393
Васильев,Иван,Иванович394
Иванов,Иван,Иванович393
Петров,Петр,Петрович394
Васильев,Иван,Иванович395
Иванов,Иван,Иванович394
Петров,Петр,Петрович395
Васильев,Иван,Иванович396
Иванов,Иван,Иванович395
Петров,Петр,Петрович396
Васильев,Иван,Иванович397
Иванов,Иван,Иванович396
Петров,Петр,Петрович397
Васильев,Иван,Иванович398
Иванов,Иван,Иванович397
Петров,Петр,Петрович398
Васильев,Иван,Иванович399
Иванов,Иван,Иванович398
Петров,Петр,Петрович399
Васильев,Иван,Иванович400
Иванов,Иван,Иванович399
Петров,Петр,Петрович400
Васильев,Иван,Иванович401
Иванов,Иван,Иванович400
Петров,Петр,Петрович401
Васильев,Иван,Иванович402
Иванов,Иван,Иванович401
Петров,Петр,Петрович402
Васильев,Иван,Иванович403
Иванов,Иван,Иванович402
Петров,Петр,Петрович403
Васильев,Иван,Иванович404
Иванов,Иван,Иванович403
Петров,Петр,Петрович404
Васильев,Иван,Иванович405
Иванов,Иван,Иванович404
Петров,Петр,Петрович405
Васильев,Иван,Иванович406
Иванов,Иван,Иванович405
Петров,Петр,Петрович406
Васильев,Иван,Иванович407
Иванов,Иван,Иванович406
Петров,Петр,Петрович407
Васильев,Иван,Иванович408
Иванов,Иван,Иванович407
Петров,Петр,Петрович408
Васильев,Иван,Иванович409
Иванов,Иван,Иванович408
Петров,Петр,Петрович409
Васильев,Иван,Иванович410
Иванов,Иван,Иванович409
Петров,Петр,Петрович410
Васильев,Иван,Иванович411
Иванов,Иван,Иванович410
Петров,Петр,Петрович411
Васильев,Иван,Иванович412
Иванов,Иван,Иванович411
Петров,Петр,Петрович412
Васильев,Иван,Иванович413
Иванов,Иван,Иванович412
Петров,Петр,Петрович413
Васильев,Иван,Иванович414
Иванов,Иван,Иванович413
Петров,Петр,Петрович414
Васильев,Иван,Иванович415
Иванов,Иван,Иванович414
Петров,Петр,Петрович415
Васильев,Иван,Иванович416
Иванов,Иван,Иванович415
Петров,Петр,Петрович416
Васильев,Иван,Иванович417
Иванов,Иван,Иванович416
Петров,Петр,Петрович417
Васильев,Иван,Иванович418
Иванов,Иван,Иванович417
Петров,Петр,Петрович418
Васильев,Иван,Иванович419
Иванов,Иван,Иванович418
Петров,Петр,Петрович419
Васильев,Иван,Иванович420
Иванов,Иван,Иванович419
Петров,Петр,Петрович420
Васильев,Иван,Иванович421
Иванов,Иван,Иванович420
Петров,Петр,Петрович421
Васильев,Иван,Иванович422
Иванов,Иван,Иванович421
Петров,Петр,Петрович422
Васильев,Иван,Иванович423
Иванов,Иван,Иванович422
Петров,Петр,Петрович423
Васильев,Иван,Иванович424
Иванов,Иван,Иванович423
Петров,Петр,Петрович424
Васильев,Иван,Иванович425
Иванов,Иван,Иванович424
Петров,Петр,Петрович425
Васильев,Иван,Иванович426
Иванов,Иван,Иванович425
Петров,Петр,Петрович426
Васильев,Иван,Иванович427
Иванов,Иван,Иванович426
Петров,Петр,Петрович427
Васильев,Иван,Иванович428
Иванов,Иван,Иванович427
Петров,Петр,Петрович428
Васильев,Иван,Иванович429
Иванов,Иван,Иванович428
Петров,Петр,Петрович429
Васильев,Иван,Иванович430
Иванов,Иван,Иванович429
Петров,Петр,Петрович430
Васильев,Иван,Иванович431
Иванов,Иван,Иванович430
Петров,Петр,Петрович431
Васильев,Иван,Иванович432
Иванов,Иван,Иванович431
Петров,Петр,Петрович432
Васильев,Иван,Иванович433
Иванов,Иван,Иванович432
Петров,Петр,Петрович433
Васильев,Иван,Иванович434
Иванов,Иван,Иванович433
Петров,Петр,Петрович434
Васильев,Иван,Иванович435
Иванов,Иван,Иванович434
Петров,Петр,Петрович435
Васильев,Иван,Иванович436
Иванов,Иван,Иванович435
Петров,Петр,Петрович436
Васильев,Иван,Иванович437
Иванов,Иван,Иванович436
Петров,Петр,Петрович437
Васильев,Иван,Иванович438
Иванов,Иван,Иванович437
Петров,Петр,Петрович438
Васильев,Иван,Иванович439
Иванов,Иван,Иванович438
Петров,Петр,Петрович439
Васильев,Иван,Иванович440
Иванов,Иван,Иванович439
Петров,Петр,Петрович440
Васильев,Иван,Иванович441
Иванов,Иван,Иванович440
Петров,Петр,Петрович441
Васильев,Иван,Иванович442
Иванов,Иван,Иванович441
Петров,Петр,Петрович442
Васильев,Иван,Иванович443
Иванов,Иван,Иванович442
Петров,Петр,Петрович443
Васильев,Иван,Иванович444
Иванов,Иван,Иванович443
Петров,Петр,Петрович444
Васильев,Иван,Иванович445
Иванов,Иван,Иванович444
Петров,Петр,Петрович445
Васильев,Иван,Иванович446
Иванов,Иван,Иванович445
Петров,Петр,Петрович446
Васильев,Иван,Иванович447
Иванов,Иван,Иванович446
Петров,Петр,Петрович447
Васильев,Иван,Иванович448
Иванов,Иван,Иванович447
Петров,Петр,Петрович448
Васильев,Иван,Иванович449
Иванов,Иван,Иванович448
Петров,Петр,Петрович449
Васильев,Иван,Иванович450
Иванов,Иван,Иванович449
Петров,Петр,Петрович450
Васильев,Иван,Иванович451
Иванов,Иван,Иванович450
Петров,Петр,Петрович451
Васильев,Иван,Иванович452
Иванов,Иван,Иванович451
Петров,Петр,Петрович452
Васильев,Иван,Иванович453
Иванов,Иван,Иванович452
Петров,Петр,Петрович453
Васильев,Иван,Иванович454
Иванов,Иван,Иванович453
Петров,Петр,Петрович454
Васильев,Иван,Иванович455
Иванов,Иван,Иванович454
Петров,Петр,Петрович455
Васильев,Иван,Иванович456
Иванов,Иван,Иванович455
Петров,Петр,Петрович456
Васильев,Иван,Иванович457
Иванов,Иван,Иванович456
Петров,Петр,Петрович457
Васильев,Иван,Иванович458
Иванов,Иван,Иванович457
Петров,Петр,Петрович458
Васильев,Иван,Иванович459
Иванов,Иван,Иванович458
Петров,Петр,Петрович459
Васильев,Иван,Иванович460
Иванов,Иван,Иванович459
Петров,Петр,Петрович460
Васильев,Иван,Иванович461
Иванов,Иван,Иванович460
Петров,Петр,Петрович461
Васильев,Иван,Иванович462
Иванов,Иван,Иванович461
Петров,Петр,Петрович462
Васильев,Иван,Иванович463
Иванов,Иван,Иванович462
Петров,Петр,Петрович463
Васильев,Иван,Иванович464
Иванов,Иван,Иванович463
Петров,Петр,Петрович464
Васильев,Иван,Иванович465
Иванов,Иван,Иванович464
Петров,Петр,Петрович465
Васильев,Иван,Иванович466
Иванов,Иван,Иванович465
Петров,Петр,Петрович466
Васильев,Иван,Иванович467
Иванов,Иван,Иванович466
Петров,Петр,Петрович467
Васильев,Иван,Иванович468
Иванов,Иван,Иванович467
Петров,Петр,Петрович468
Васильев,Иван,Иванович469
Иванов,Иван,Иванович468
Петров,Петр,Петрович469
Васильев,Иван,Иванович470
Иванов,Иван,Иванович469
Петров,Петр,Петрович470
Васильев,Иван,Иванович471
Иванов,Иван,Иванович470
Петров,Петр,Петрович471
Васильев,Иван,Иванович472
Иванов,Иван,Иванович471
Петров,Петр,Петрович472
Васильев,Иван,Иванович473
Иванов,Иван,Иванович472
Петров,Петр,Петрович473
Васильев,Иван,Иванович474
Иванов,Иван,Иванович473
Петров,Петр,Петрович474
Васильев,Иван,Иванович475
Иванов,Иван,Иванович474
Петров,Петр,Петрович475
Васильев,Иван,Иванович476
Иванов,Иван,Иванович475
Петров,Петр,Петрович476
Васильев,Иван,Иванович477
Иванов,Иван,Иванович476
Петров,Петр,Петрович477
Васильев,Иван,Иванович478
Иванов,Иван,Иванович477
Петров,Петр,Петрович478
Васильев,Иван,Иванович479
Иванов,Иван,Иванович478
Петров,Петр,Петрович479
Васильев,Иван,Иванович480
Иванов,Иван,Иванович479
Петров,Петр,Петрович480
Васильев,Иван,Иванович481
Иванов,Иван,Иванович480
Петров,Петр,Петрович481
Васильев,Иван,Иванович482
Иванов,Иван,Иванович481
Петров,Петр,Петрович482
Васильев,Иван,Иванович483
Иванов,Иван,Иванович482
Петров,Петр,Петрович483
Васильев,Иван,Иванович484
Иванов,Иван,Иванович483
Петров,Петр,Петрович484
Васильев,Иван,Иванович485
Иванов,Иван,Иванович484
Петров,Петр,Петрович485
Васильев,Иван,Иванович486
Иванов,Иван,Иванович485
Петров,Петр,Петрович486
Васильев,Иван,Иванович487
Иванов,Иван,Иванович486
Петров,Петр,Петрович487
Васильев,Иван,Иванович488
Иванов,Иван,Иванович487
Петров,Петр,Петрович488
Васильев,Иван,Иванович489
Иванов,Иван,Иванович488
Петров,Петр,Петрович489
Васильев,Иван,Иванович490
Иванов,Иван,Иванович489
Петров,Петр,Петрович490
Васильев,Иван,Иванович491
Иванов,Иван,Иванович490
Петров,Петр,Петрович491
Васильев,Иван,Иванович492
Иванов,Иван,Иванович491
Петров,Петр,Петрович492
Васильев,Иван,Иванович493
Иванов,Иван,Иванович492
Петров,Петр,Петрович493
Васильев,Иван,Иванович494
Иванов,Иван,Иванович493
Петров,Петр,Петрович494
Васильев,Иван,Иванович495
Иванов,Иван,Иванович494
Петров,Петр,Петрович495
Васильев,Иван,Иванович496
Иванов,Иван,Иванович495
Петров,Петр,Петрович496
Васильев,Иван,Иванович497
Иванов,Иван,Иванович496
Петров,Петр,Петрович497
Васильев,Иван,Иванович498
Иванов,Иван,Иванович497
Петров,Петр,Петрович498
Васильев,Иван,Иванович499
Иванов,Иван,Иванович498
Петров,Петр,Петрович499
Васильев,Иван,Иванович500
Иванов,Иван,Иванович499
Петров,Петр,Петрович500
Васильев,Иван,Иванович501
Иванов,Иван,Иванович500
Петров,Петр,Петрович501
Васильев,Иван,Иванович502
Иванов,Иван,Иванович501
Петров,Петр,Петрович502
Васильев,Иван,Иванович503
Иванов,Иван,Иванович502
Петров,Петр,Петрович503
Васильев,Иван,Иванович504
Иванов,Иван,Иванович503
Петров,Петр,Петрович504
Васильев,Иван,Иванович505
Иванов,Иван,Иванович504
Петров,Петр,Петрович505
Васильев,Иван,Иванович506
Иванов,Иван,Иванович505
Петров,Петр,Петрович506
Васильев,Иван,Иванович507
Иванов,Иван,Иванович506
Петров,Петр,Петрович507
Васильев,Иван,Иванович508
Иванов,Иван,Иванович507
Петров,Петр,Петрович508
Васильев,Иван,Иванович509
Иванов,Иван,Иванович508
Петров,Петр,Петрович509
Васильев,Иван,Иванович510
Иванов,Иван,Иванович509
Петров,Петр,Петрович510
Васильев,Иван,Иванович511
Иванов,Иван,Иванович510
Петров,Петр,Петрович511
Васильев,Иван,Иванович512
Иванов,Иван,Иванович511
Петров,Петр,Петрович512
Васильев,Иван,Иванович513
Иванов,Иван,Иванович512
Петров,Петр,Петрович513
Васильев,Иван,Иванович514
Иванов,Иван,Иванович513
Петров,Петр,Петрович514
Васильев,Иван,Иванович515
Иванов,Иван,Иванович514
Петров,Петр,Петрович515
Васильев,Иван,Иванович516
Иванов,Иван,Иванович515
Петров,Петр,Петрович516
Васильев,Иван,Иванович517
Иванов,Иван,Иванович516
Петров,Петр,Петрович517
Васильев,Иван,Иванович518
Иванов,Иван,Иванович517
Петров,Петр,Петрович518
Васильев,Иван,Иванович519
Иванов,Иван,Иванович518
Петров,Петр,Петрович519
Васильев,Иван,Иванович520
Иванов,Иван,Иванович519
Петров,Петр,Петрович520
Васильев,Иван,Иванович521
Иванов,Иван,Иванович520
Петров,Петр,Петрович521
Васильев,Иван,Иванович522
Иванов,Иван,Иванович521
Петров,Петр,Петрович522
Васильев,Иван,Иванович523
Иванов,Иван,Иванович522
Петров,Петр,Петрович523
Васильев,Иван,Иванович524
Иванов,Иван,Иванович523
Петров,Петр,Петрович524
Васильев,Иван,Иванович525
Иванов,Иван,Иванович524
Петров,Петр,Петрович525
Васильев,Иван,Иванович526
Иванов,Иван,Иванович525
Петров,Петр,Петрович526
Васильев,Иван,Иванович527
Иванов,Иван,Иванович526
Петров,Петр,Петрович527
Васильев,Иван,Иванович528
Иванов,Иван,Иванович527
Петров,Петр,Петрович528
Васильев,Иван,Иванович529
Иванов,Иван,Иванович528
Петров,Петр,Петрович529
Васильев,Иван,Иванович530
Иванов,Иван,Иванович529
Петров,Петр,Петрович530
Васильев,Иван,Иванович531
Иванов,Иван,Иванович530
Петров,Петр,Петрович531
Васильев,Иван,Иванович532
Иванов,Иван,Иванович531
Петров,Петр,Петрович532
Васильев,Иван,Иванович533
Иванов,Иван,Иванович532
Петров,Петр,Петрович533
Васильев,Иван,Иванович534
Иванов,Иван,Иванович533
Петров,Петр,Петрович534
Васильев,Иван,Иванович535
Иванов,Иван,Иванович534
Петров,Петр,Петрович535
Васильев,Иван,Иванович536
Иванов,Иван,Иванович535
Петров,Петр,Петрович536
Васильев,Иван,Иванович537
Иванов,Иван,Иванович536
Петров,Петр,Петрович537
Васильев,Иван,Иванович538
Иванов,Иван,Иванович537
Петров,Петр,Петрович538
Васильев,Иван,Иванович539
Иванов,Иван,Иванович538
Петров,Петр,Петрович539
Васильев,Иван,Иванович540
Иванов,Иван,Иванович539
Петров,Петр,Петрович540
Васильев,Иван,Иванович541
Иванов,Иван,Иванович540
Петров,Петр,Петрович541
Васильев,Иван,Иванович542
Иванов,Иван,Иванович541
Петров,Петр,Петрович542
Васильев,Иван,Иванович543
Иванов,Иван,Иванович542
Петров,Петр,Петрович543
Васильев,Иван,Иванович544
Иванов,Иван,Иванович543
Петров,Петр,Петрович544
Васильев,Иван,Иванович545
Иванов,Иван,Иванович544
Петров,Петр,Петрович545
Васильев,Иван,Иванович546
Иванов,Иван,Иванович545
Петров,Петр,Петрович546
Васильев,Иван,Иванович547
Иванов,Иван,Иванович546
Петров,Петр,Петрович547
Васильев,Иван,Иванович548
Иванов,Иван,Иванович547
Петров,Петр,Петрович548
Васильев,Иван,Иванович549
Иванов,Иван,Иванович548
Петров,Петр,Петрович549
Васильев,Иван,Иванович550
Иванов,Иван,Иванович549
Петров,Петр,Петрович550
Васильев,Иван,Иванович551
Иванов,Иван,Иванович550
Петров,Петр,Петрович551
Васильев,Иван,Иванович552
Иванов,Иван,Иванович551
Петров,Петр,Петрович552
Васильев,Иван,Иванович553
Иванов,Иван,Иванович552
Петров,Петр,Петрович553
Васильев,Иван,Иванович554
Иванов,Иван,Иванович553
Петров,Петр,Петрович554
Васильев,Иван,Иванович555
Иванов,Иван,Иванович554
Петров,Петр,Петрович555
Васильев,Иван,Иванович556
Иванов,Иван,Иванович555
Петров,Петр,Петрович556
Васильев,Иван,Иванович557
Иванов,Иван,Иванович556
Петров,Петр,Петрович557
Васильев,Иван,Иванович558
Иванов,Иван,Иванович557
Петров,Петр,Петрович558
Васильев,Иван,Иванович559
Иванов,Иван,Иванович558
Петров,Петр,Петрович559
Васильев,Иван,Иванович560
Иванов,Иван,Иванович559
Петров,Петр,Петрович560
Васильев,Иван,Иванович561
Иванов,Иван,Иванович560
Петров,Петр,Петрович561
Васильев,Иван,Иванович562
Иванов,Иван,Иванович561
Петров,Петр,Петрович562
Васильев,Иван,Иванович563
Иванов,Иван,Иванович562
Петров,Петр,Петрович563
Васильев,Иван,Иванович564
Иванов,Иван,Иванович563
Петров,Петр,Петрович564
Васильев,Иван,Иванович565
Иванов,Иван,Иванович564
Петров,Петр,Петрович565
Васильев,Иван,Иванович566
Иванов,Иван,Иванович565
Петров,Петр,Петрович566
Васильев,Иван,Иванович567
Иванов,Иван,Иванович566
Петров,Петр,Петрович567
Васильев,Иван,Иванович568
Иванов,Иван,Иванович567
Петров,Петр,Петрович568
Васильев,Иван,Иванович569
Иванов,Иван,Иванович568
Петров,Петр,Петрович569
Васильев,Иван,Иванович570
Иванов,Иван,Иванович569
Петров,Петр,Петрович570
Васильев,Иван,Иванович571
Иванов,Иван,Иванович570
Петров,Петр,Петрович571
Васильев,Иван,Иванович572
Иванов,Иван,Иванович571
Петров,Петр,Петрович572
Васильев,Иван,Иванович573
Иванов,Иван,Иванович572
Петров,Петр,Петрович573
Васильев,Иван,Иванович574
Иванов,Иван,Иванович573
Петров,Петр,Петрович574
Васильев,Иван,Иванович575
Иванов,Иван,Иванович574
Петров,Петр,Петрович575
Васильев,Иван,Иванович576
Иванов,Иван,Иванович575
Петров,Петр,Петрович576
Васильев,Иван,Иванович577
Иванов,Иван,Иванович576
Петров,Петр,Петрович577
Васильев,Иван,Иванович578
Иванов,Иван,Иванович577
Петров,Петр,Петрович578
Васильев,Иван,Иванович579
Иванов,Иван,Иванович578
Петров,Петр,Петрович579
Васильев,Иван,Иванович580
Иванов,Иван,Иванович579
Петров,Петр,Петрович580
Васильев,Иван,Иванович581
Иванов,Иван,Иванович580
Петров,Петр,Петрович581
Васильев,Иван,Иванович582
Иванов,Иван,Иванович581
Петров,Петр,Петрович582
Васильев,Иван,Иванович583
Иванов,Иван,Иванович582
Петров,Петр,Петрович583
Васильев,Иван,Иванович584
Иванов,Иван,Иванович583
Петров,Петр,Петрович584
Васильев,Иван,Иванович585
Иванов,Иван,Иванович584
Петров,Петр,Петрович585
Васильев,Иван,Иванович586
Иванов,Иван,Иванович585
Петров,Петр,Петрович586
Васильев,Иван,Иванович587
Иванов,Иван,Иванович586
Петров,Петр,Петрович587
Васильев,Иван,Иванович588
Иванов,Иван,Иванович587
Петров,Петр,Петрович588
Васильев,Иван,Иванович589
Иванов,Иван,Иванович588
Петров,Петр,Петрович589
Васильев,Иван,Иванович590
Иванов,Иван,Иванович589
Петров,Петр,Петрович590
Васильев,Иван,Иванович591
Иванов,Иван,Иванович590
Петров,Петр,Петрович591
Васильев,Иван,Иванович592
Иванов,Иван,Иванович591
Петров,Петр,Петрович592
Васильев,Иван,Иванович593
Иванов,Иван,Иванович592
Петров,Петр,Петрович593
Васильев,Иван,Иванович594
Иванов,Иван,Иванович593
Петров,Петр,Петрович594
Васильев,Иван,Иванович595
Иванов,Иван,Иванович594
Петров,Петр,Петрович595
Васильев,Иван,Иванович596
Иванов,Иван,Иванович595
Петров,Петр,Петрович596
Васильев,Иван,Иванович597
Иванов,Иван,Иванович596
Петров,Петр,Петрович597
Васильев,Иван,Иванович598
Иванов,Иван,Иванович597
Петров,Петр,Петрович598
Васильев,Иван,Иванович599
Иванов,Иван,Иванович598
Петров,Петр,Петрович599
Васильев,Иван,Иванович600
Иванов,Иван,Иванович599
Петров,Петр,Петрович600
Васильев,Иван,Иванович601
Иванов,Иван,Иванович600
Петров,Петр,Петрович601
Васильев,Иван,Иванович602
Иванов,Иван,Иванович601
Петров,Петр,Петрович602
Васильев,Иван,Иванович603
Иванов,Иван,Иванович602
Петров,Петр,Петрович603
Васильев,Иван,Иванович604
Иванов,Иван,Иванович603
Петров,Петр,Петрович604
Васильев,Иван,Иванович605
Иванов,Иван,Иванович604
Петров,Петр,Петрович605
Васильев,Иван,Иванович606
Иванов,Иван,Иванович605
Петров,Петр,Петрович606
Васильев,Иван,Иванович607
Иванов,Иван,Иванович606
Петров,Петр,Петрович607
Васильев,Иван,Иванович608
Иванов,Иван,Иванович607
Петров,Петр,Петрович608
Васильев,Иван,Иванович609
Иванов,Иван,Иванович608
Петров,Петр,Петрович609
Васильев,Иван,Иванович610
Иванов,Иван,Иванович609
Петров,Петр,Петрович610
Васильев,Иван,Иванович611
Иванов,Иван,Иванович610
Петров,Петр,Петрович611
Васильев,Иван,Иванович612
Иванов,Иван,Иванович611
Петров,Петр,Петрович612
Васильев,Иван,Иванович613
Иванов,Иван,Иванович612
Петров,Петр,Петрович613
Васильев,Иван,Иванович614
Иванов,Иван,Иванович613
Петров,Петр,Петрович614
Васильев,Иван,Иванович615
Иванов,Иван,Иванович614
Петров,Петр,Петрович615
Васильев,Иван,Иванович616
Иванов,Иван,Иванович615
Петров,Петр,Петрович616
Васильев,Иван,Иванович617
Иванов,Иван,Иванович616
Петров,Петр,Петрович617
Васильев,Иван,Иванович618
Иванов,Иван,Иванович617
Петров,Петр,Петрович618
Васильев,Иван,Иванович619
Иванов,Иван,Иванович618
Петров,Петр,Петрович619
Васильев,Иван,Иванович620
Иванов,Иван,Иванович619
Петров,Петр,Петрович620
Васильев,Иван,Иванович621
Иванов,Иван,Иванович620
Петров,Петр,Петрович621
Васильев,Иван,Иванович622
Иванов,Иван,Иванович621
Петров,Петр,Петрович622
Васильев,Иван,Иванович623
Иванов,Иван,Иванович622
Петров,Петр,Петрович623
Васильев,Иван,Иванович624
Иванов,Иван,Иванович623
Петров,Петр,Петрович624
Васильев,Иван,Иванович625
Иванов,Иван,Иванович624
Петров,Петр,Петрович625
Васильев,Иван,Иванович626
Иванов,Иван,Иванович625
Петров,Петр,Петрович626
Васильев,Иван,Иванович627
Иванов,Иван,Иванович626
Петров,Петр,Петрович627
Васильев,Иван,Иванович628
Иванов,Иван,Иванович627
Петров,Петр,Петрович628
Васильев,Иван,Иванович629
Иванов,Иван,Иванович628
Петров,Петр,Петрович629
Васильев,Иван,Иванович630
Иванов,Иван,Иванович629
Петров,Петр,Петрович630
Васильев,Иван,Иванович631
Иванов,Иван,Иванович630
Петров,Петр,Петрович631
Васильев,Иван,Иванович632
Иванов,Иван,Иванович631
Петров,Петр,Петрович632
Васильев,Иван,Иванович633
Иванов,Иван,Иванович632
Петров,Петр,Петрович633
Васильев,Иван,Иванович634
Иванов,Иван,Иванович633
Петров,Петр,Петрович634
Васильев,Иван,Иванович635
Иванов,Иван,Иванович634
Петров,Петр,Петрович635
Васильев,Иван,Иванович636
Иванов,Иван,Иванович635
Петров,Петр,Петрович636
Васильев,Иван,Иванович637
Иванов,Иван,Иванович636
Петров,Петр,Петрович637
Васильев,Иван,Иванович638
Иванов,Иван,Иванович637
Петров,Петр,Петрович638
Васильев,Иван,Иванович639
Иванов,Иван,Иванович638
Петров,Петр,Петрович639
Васильев,Иван,Иванович640
Иванов,Иван,Иванович639
Петров,Петр,Петрович640
Васильев,Иван,Иванович641
Иванов,Иван,Иванович640
Петров,Петр,Петрович641
Васильев,Иван,Иванович642
Иванов,Иван,Иванович641
Петров,Петр,Петрович642
Васильев,Иван,Иванович643
Иванов,Иван,Иванович642
Петров,Петр,Петрович643
Васильев,Иван,Иванович644
Иванов,Иван,Иванович643
Петров,Петр,Петрович644
Васильев,Иван,Иванович645
Иванов,Иван,Иванович644
Петров,Петр,Петрович645
Васильев,Иван,Иванович646
Иванов,Иван,Иванович645
Петров,Петр,Петрович646
Васильев,Иван,Иванович647
Иванов,Иван,Иванович646
Петров,Петр,Петрович647
Васильев,Иван,Иванович648
Иванов,Иван,Иванович647
Петров,Петр,Петрович648
Васильев,Иван,Иванович649
Иванов,Иван,Иванович648
Петров,Петр,Петрович649
Васильев,Иван,Иванович650
Иванов,Иван,Иванович649
Петров,Петр,Петрович650
Васильев,Иван,Иванович651
Иванов,Иван,Иванович650
Петров,Петр,Петрович651
Васильев,Иван,Иванович652
Иванов,Иван,Иванович651
Петров,Петр,Петрович652
Васильев,Иван,Иванович653
Иванов,Иван,Иванович652
Петров,Петр,Петрович653
Васильев,Иван,Иванович654
Иванов,Иван,Иванович653
Петров,Петр,Петрович654
Васильев,Иван,Иванович655
Иванов,Иван,Иванович654
Петров,Петр,Петрович655
Васильев,Иван,Иванович656
Иванов,Иван,Иванович655
Петров,Петр,Петрович656
Васильев,Иван,Иванович657
Иванов,Иван,Иванович656
Петров,Петр,Петрович657
Васильев,Иван,Иванович658
Иванов,Иван,Иванович657
Петров,Петр,Петрович658
Васильев,Иван,Иванович659
Иванов,Иван,Иванович658
Петров,Петр,Петрович659
Васильев,Иван,Иванович660
Иванов,Иван,Иванович659
Петров,Петр,Петрович660
Васильев,Иван,Иванович661
Иванов,Иван,Иванович660
Петров,Петр,Петрович661
Васильев,Иван,Иванович662
Иванов,Иван,Иванович661
Петров,Петр,Петрович662
Васильев,Иван,Иванович663
Иванов,Иван,Иванович662
Петров,Петр,Петрович663
Васильев,Иван,Иванович664
Иванов,Иван,Иванович663
Петров,Петр,Петрович664
Васильев,Иван,Иванович665
Иванов,Иван,Иванович664
Петров,Петр,Петрович665
Васильев,Иван,Иванович666
Иванов,Иван,Иванович665
Петров,Петр,Петрович666
Васильев,Иван,Иванович667
Иванов,Иван,Иванович666
Петров,Петр,Петрович667
Васильев,Иван,Иванович668
Иванов,Иван,Иванович667
Петров,Петр,Петрович668
Васильев,Иван,Иванович669
Иванов,Иван,Иванович668
Петров,Петр,Петрович669
Васильев,Иван,Иванович670
Иванов,Иван,Иванович669
Петров,Петр,Петрович670
Васильев,Иван,Иванович671
Иванов,Иван,Иванович670
Петров,Петр,Петрович671
Васильев,Иван,Иванович672
Иванов,Иван,Иванович671
Петров,Петр,Петрович672
Васильев,Иван,Иванович673
Иванов,Иван,Иванович672
Петров,Петр,Петрович673
Васильев,Иван,Иванович674
Иванов,Иван,Иванович673
Петров,Петр,Петрович674
Васильев,Иван,Иванович675
Иванов,Иван,Иванович674
Петров,Петр,Петрович675
Васильев,Иван,Иванович676
Иванов,Иван,Иванович675
Петров,Петр,Петрович676
Васильев,Иван,Иванович677
Иванов,Иван,Иванович676
Петров,Петр,Петрович677
Васильев,Иван,Иванович678
Иванов,Иван,Иванович677
Петров,Петр,Петрович678
Васильев,Иван,Иванович679
Иванов,Иван,Иванович678
Петров,Петр,Петрович679
Васильев,Иван,Иванович680
Иванов,Иван,Иванович679
Петров,Петр,Петрович680
Васильев,Иван,Иванович681
Иванов,Иван,Иванович680
Петров,Петр,Петрович681
Васильев,Иван,Иванович682
Иванов,Иван,Иванович681
Петров,Петр,Петрович682
Васильев,Иван,Иванович683
Иванов,Иван,Иванович682
Петров,Петр,Петрович683
Васильев,Иван,Иванович684
Иванов,Иван,Иванович683
Петров,Петр,Петрович684
Васильев,Иван,Иванович685
Иванов,Иван,Иванович684
Петров,Петр,Петрович685
Васильев,Иван,Иванович686
Иванов,Иван,Иванович685
Петров,Петр,Петрович686
Васильев,Иван,Иванович687
Иванов,Иван,Иванович686
Петров,Петр,Петрович687
Васильев,Иван,Иванович688
Иванов,Иван,Иванович687
Петров,Петр,Петрович688
Васильев,Иван,Иванович689
Иванов,Иван,Иванович688
Петров,Петр,Петрович689
Васильев,Иван,Иванович690
Иванов,Иван,Иванович689
Петров,Петр,Петрович690
Васильев,Иван,Иванович691
Иванов,Иван,Иванович690
Петров,Петр,Петрович691
Васильев,Иван,Иванович692
Иванов,Иван,Иванович691
Петров,Петр,Петрович692
Васильев,Иван,Иванович693
Иванов,Иван,Иванович692
Петров,Петр,Петрович693
Васильев,Иван,Иванович694
Иванов,Иван,Иванович693
Петров,Петр,Петрович694
Васильев,Иван,Иванович695
Иванов,Иван,Иванович694
Петров,Петр,Петрович695
Васильев,Иван,Иванович696
Иванов,Иван,Иванович695
Петров,Петр,Петрович696
Васильев,Иван,Иванович697
Иванов,Иван,Иванович696
Петров,Петр,Петрович697
Васильев,Иван,Иванович698
Иванов,Иван,Иванович697
Петров,Петр,Петрович698
Васильев,Иван,Иванович699
Иванов,Иван,Иванович698
Петров,Петр,Петрович699
Васильев,Иван,Иванович700
Иванов,Иван,Иванович699
Петров,Петр,Петрович700
Васильев,Иван,Иванович701
Иванов,Иван,Иванович700
Петров,Петр,Петрович701
Васильев,Иван,Иванович702
Иванов,Иван,Иванович701
Петров,Петр,Петрович702
Васильев,Иван,Иванович703
Иванов,Иван,Иванович702
Петров,Петр,Петрович703
Васильев,Иван,Иванович704
Иванов,Иван,Иванович703
Петров,Петр,Петрович704
Васильев,Иван,Иванович705
Иванов,Иван,Иванович704
Петров,Петр,Петрович705
Васильев,Иван,Иванович706
Иванов,Иван,Иванович705
Петров,Петр,Петрович706
Васильев,Иван,Иванович707
Иванов,Иван,Иванович706
Петров,Петр,Петрович707
Васильев,Иван,Иванович708
Иванов,Иван,Иванович707
Петров,Петр,Петрович708
Васильев,Иван,Иванович709
Иванов,Иван,Иванович708
Петров,Петр,Петрович709
Васильев,Иван,Иванович710
Иванов,Иван,Иванович709
Петров,Петр,Петрович710
Васильев,Иван,Иванович711
Иванов,Иван,Иванович710
Петров,Петр,Петрович711
Васильев,Иван,Иванович712
Иванов,Иван,Иванович711
Петров,Петр,Петрович712
Васильев,Иван,Иванович713
Иванов,Иван,Иванович712
Петров,Петр,Петрович713
Васильев,Иван,Иванович714
Иванов,Иван,Иванович713
Петров,Петр,Петрович714
Васильев,Иван,Иванович715
Иванов,Иван,Иванович714
Петров,Петр,Петрович715
Васильев,Иван,Иванович716
Иванов,Иван,Иванович715
Петров,Петр,Петрович716
Васильев,Иван,Иванович717
Иванов,Иван,Иванович716
Петров,Петр,Петрович717
Васильев,Иван,Иванович718
Иванов,Иван,Иванович717
Петров,Петр,Петрович718
Васильев,Иван,Иванович719
Иванов,Иван,Иванович718
Петров,Петр,Петрович719
Васильев,Иван,Иванович720
Иванов,Иван,Иванович719
Петров,Петр,Петрович720
Васильев,Иван,Иванович721
Иванов,Иван,Иванович720
Петров,Петр,Петрович721
Васильев,Иван,Иванович722
Иванов,Иван,Иванович721
Петров,Петр,Петрович722
Васильев,Иван,Иванович723
Иванов,Иван,Иванович722
Петров,Петр,Петрович723
Васильев,Иван,Иванович724
Иванов,Иван,Иванович723
Петров,Петр,Петрович724
Васильев,Иван,Иванович725
Иванов,Иван,Иванович724
Петров,Петр,Петрович725
Васильев,Иван,Иванович726
Иванов,Иван,Иванович725
Петров,Петр,Петрович726
Васильев,Иван,Иванович727
Иванов,Иван,Иванович726
Петров,Петр,Петрович727
Васильев,Иван,Иванович728
Иванов,Иван,Иванович727
Петров,Петр,Петрович728
Васильев,Иван,Иванович729
Иванов,Иван,Иванович728
Петров,Петр,Петрович729
Васильев,Иван,Иванович730
Иванов,Иван,Иванович729
Петров,Петр,Петрович730
Васильев,Иван,Иванович731
Иванов,Иван,Иванович730
Петров,Петр,Петрович731
Васильев,Иван,Иванович732
Иванов,Иван,Иванович731
Петров,Петр,Петрович732
Васильев,Иван,Иванович733
Иванов,Иван,Иванович732
Петров,Петр,Петрович733
Васильев,Иван,Иванович734
Иванов,Иван,Иванович733
Петров,Петр,Петрович734
Васильев,Иван,Иванович735
Иванов,Иван,Иванович734
Петров,Петр,Петрович735
Васильев,Иван,Иванович736
Иванов,Иван,Иванович735
Петров,Петр,Петрович736
Васильев,Иван,Иванович737
Иванов,Иван,Иванович736
Петров,Петр,Петрович737
Васильев,Иван,Иванович738
Иванов,Иван,Иванович737
Петров,Петр,Петрович738
Васильев,Иван,Иванович739
Иванов,Иван,Иванович738
Петров,Петр,Петрович739
Васильев,Иван,Иванович740
Иванов,Иван,Иванович739
Петров,Петр,Петрович740
Васильев,Иван,Иванович741
Иванов,Иван,Иванович740
Петров,Петр,Петрович741
Васильев,Иван,Иванович742
Иванов,Иван,Иванович741
Петров,Петр,Петрович742
Васильев,Иван,Иванович743
Иванов,Иван,Иванович742
Петров,Петр,Петрович743
Васильев,Иван,Иванович744
Иванов,Иван,Иванович743
Петров,Петр,Петрович744
Васильев,Иван,Иванович745
Иванов,Иван,Иванович744
Петров,Петр,Петрович745
Васильев,Иван,Иванович746
Иванов,Иван,Иванович745
Петров,Петр,Петрович746
Васильев,Иван,Иванович747
Иванов,Иван,Иванович746
Петров,Петр,Петрович747
Васильев,Иван,Иванович748
Иванов,Иван,Иванович747
Петров,Петр,Петрович748
Васильев,Иван,Иванович749
Иванов,Иван,Иванович748
Петров,Петр,Петрович749
Васильев,Иван,Иванович750
Иванов,Иван,Иванович749
Петров,Петр,Петрович750
Васильев,Иван,Иванович751
Иванов,Иван,Иванович750
Петров,Петр,Петрович751
Васильев,Иван,Иванович752
Иванов,Иван,Иванович751
Петров,Петр,Петрович752
Васильев,Иван,Иванович753
Иванов,Иван,Иванович752
Петров,Петр,Петрович753
Васильев,Иван,Иванович754
Иванов,Иван,Иванович753
Петров,Петр,Петрович754
Васильев,Иван,Иванович755
Иванов,Иван,Иванович754
Петров,Петр,Петрович755
Васильев,Иван,Иванович756
Иванов,Иван,Иванович755
Петров,Петр,Петрович756
Васильев,Иван,Иванович757
Иванов,Иван,Иванович756
Петров,Петр,Петрович757
Васильев,Иван,Иванович758
Иванов,Иван,Иванович757
Петров,Петр,Петрович758
Васильев,Иван,Иванович759
Иванов,Иван,Иванович758
Петров,Петр,Петрович759
Васильев,Иван,Иванович760
Иванов,Иван,Иванович759
Петров,Петр,Петрович760
Васильев,Иван,Иванович761
Иванов,Иван,Иванович760
Петров,Петр,Петрович761
Васильев,Иван,Иванович762
Иванов,Иван,Иванович761
Петров,Петр,Петрович762
Васильев,Иван,Иванович763
Иванов,Иван,Иванович762
Петров,Петр,Петрович763
Васильев,Иван,Иванович764
Иванов,Иван,Иванович763
Петров,Петр,Петрович764
Васильев,Иван,Иванович765
Иванов,Иван,Иванович764
Петров,Петр,Петрович765
Васильев,Иван,Иванович766
Иванов,Иван,Иванович765
Петров,Петр,Петрович766
Васильев,Иван,Иванович767
Иванов,Иван,Иванович766
Петров,Петр,Петрович767
Васильев,Иван,Иванович768
Иванов,Иван,Иванович767
Петров,Петр,Петрович768
Васильев,Иван,Иванович769
Иванов,Иван,Иванович768
Петров,Петр,Петрович769
Васильев,Иван,Иванович770
Иванов,Иван,Иванович769
Петров,Петр,Петрович770
Васильев,Иван,Иванович771
Иванов,Иван,Иванович770
Петров,Петр,Петрович771
Васильев,Иван,Иванович772
Иванов,Иван,Иванович771
Петров,Петр,Петрович772
Васильев,Иван,Иванович773
Иванов,Иван,Иванович772
Петров,Петр,Петрович773
Васильев,Иван,Иванович774
Иванов,Иван,Иванович773
Петров,Петр,Петрович774
Васильев,Иван,Иванович775
Иванов,Иван,Иванович774
Петров,Петр,Петрович775
Васильев,Иван,Иванович776
Иванов,Иван,Иванович775
Петров,Петр,Петрович776
Васильев,Иван,Иванович777
Иванов,Иван,Иванович776
Петров,Петр,Петрович777
Васильев,Иван,Иванович778
Иванов,Иван,Иванович777
Петров,Петр,Петрович778
Васильев,Иван,Иванович779
Иванов,Иван,Иванович778
Петров,Петр,Петрович779
Васильев,Иван,Иванович780
Иванов,Иван,Иванович779
Петров,Петр,Петрович780
Васильев,Иван,Иванович781
Иванов,Иван,Иванович780
Петров,Петр,Петрович781
Васильев,Иван,Иванович782
Иванов,Иван,Иванович781
Петров,Петр,Петрович782
Васильев,Иван,Иванович783
Иванов,Иван,Иванович782
Петров,Петр,Петрович783
Васильев,Иван,Иванович784
Иванов,Иван,Иванович783
Петров,Петр,Петрович784
Васильев,Иван,Иванович785
Иванов,Иван,Иванович784
Петров,Петр,Петрович785
Васильев,Иван,Иванович786
Иванов,Иван,Иванович785
Петров,Петр,Петрович786
Васильев,Иван,Иванович787
Иванов,Иван,Иванович786
Петров,Петр,Петрович787
Васильев,Иван,Иванович788
Иванов,Иван,Иванович787
Петров,Петр,Петрович788
Васильев,Иван,Иванович789
Иванов,Иван,Иванович788
Петров,Петр,Петрович789
Васильев,Иван,Иванович790
Иванов,Иван,Иванович789
Петров,Петр,Петрович790
Васильев,Иван,Иванович791
Иванов,Иван,Иванович790
Петров,Петр,Петрович791
Васильев,Иван,Иванович792
Иванов,Иван,Иванович791
Петров,Петр,Петрович792
Васильев,Иван,Иванович793
Иванов,Иван,Иванович792
Петров,Петр,Петрович793
Васильев,Иван,Иванович794
Иванов,Иван,Иванович793
Петров,Петр,Петрович794
Васильев,Иван,Иванович795
Иванов,Иван,Иванович794
Петров,Петр,Петрович795
Васильев,Иван,Иванович796
Иванов,Иван,Иванович795
Петров,Петр,Петрович796
Васильев,Иван,Иванович797
Иванов,Иван,Иванович796
Петров,Петр,Петрович797
Васильев,Иван,Иванович798
Иванов,Иван,Иванович797
Петров,Петр,Петрович798
Васильев,Иван,Иванович799
Иванов,Иван,Иванович798
Петров,Петр,Петрович799
Васильев,Иван,Иванович800
Иванов,Иван,Иванович799
Петров,Петр,Петрович800
Васильев,Иван,Иванович801
Иванов,Иван,Иванович800
Петров,Петр,Петрович801
Васильев,Иван,Иванович802
Иванов,Иван,Иванович801
Петров,Петр,Петрович802
Васильев,Иван,Иванович803
Иванов,Иван,Иванович802
Петров,Петр,Петрович803
Васильев,Иван,Иванович804
Иванов,Иван,Иванович803
Петров,Петр,Петрович804
Васильев,Иван,Иванович805
Иванов,Иван,Иванович804
Петров,Петр,Петрович805
Васильев,Иван,Иванович806
Иванов,Иван,Иванович805
Петров,Петр,Петрович806
Васильев,Иван,Иванович807
Иванов,Иван,Иванович806
Петров,Петр,Петрович807
Васильев,Иван,Иванович808
Иванов,Иван,Иванович807
Петров,Петр,Петрович808
Васильев,Иван,Иванович809
Иванов,Иван,Иванович808
Петров,Петр,Петрович809
Васильев,Иван,Иванович810
Иванов,Иван,Иванович809
Петров,Петр,Петрович810
Васильев,Иван,Иванович811
Иванов,Иван,Иванович810
